time , pgn , destination , source , priority , data,

017.717871, 60928, 255, 10, 6, FF FF FF FF 00 FF FE 80 
022.671082, 60928, 255, 10, 6, FF FF FF FF 00 FF FE 80 
030.544552, 60928, 255, 10, 6, FF FF FF FF 00 FF FE 80 
035.497752, 60928, 255, 10, 6, FF FF FF FF 00 FF FE 80 
038.517473, 60928, 255, 10, 6, FF FF FF FF 00 FF FE 80 
043.467640, 60928, 255, 10, 6, FF FF FF FF 00 FF FE 80 
