time , pgn , destination , source , priority , data,

088.394225, 61444, 255, 0, 3, F0 FF 00 00 00 FF FF FF 
088.415211, 61443, 255, 0, 3, FF 00 00 FF 00 FF FF FF 
