time , pgn , destination , source , priority , data,

003.278765, 61444, 255, 0, 3, F0 FF 00 00 00 FF FF FF 
003.298740, 61443, 255, 0, 3, FF 00 00 FF 00 FF FF FF 
