time , pgn , destination , source , priority , data,

013.363041, 65281, 255, 128, 6, 11 22 33 44 55 66 77 88 
013.420002, 65281, 255, 128, 6, 11 22 33 44 55 66 77 88 
